<?xml version="1.0" encoding="UTF-8"?>
<rss version="2.0">
	<channel>
			<title>Logo Design></title>
			<link>file:///C:/Users/User/Desktop/sajt%20za%20ocenu/index.html</link>
			<description>Ovaj sajt se bavi izradom logoa i vizitkartica za vase poslovanje</description>
		<image>
			<title>Logo Design></title>
			<url>file:///C:/Users/User/Desktop/sajt%20za%20ocenu/index.html/facicon.bmp</url>
			<link>file:///C:/Users/User/Desktop/sajt%20za%20ocenu/index.html</link>
			<width>90</width>
			<height>35</height>
		</image>
		<item>
			<title>Obaveštenja</title>
			<link>file:///C:/Users/User/Desktop/sajt%20za%20ocenu/pages/kontakt.html</link>
			<description>U ovom delu  nam možete ostaviti svoj komentar i ocenu našeg rada.</description>
		</item>
		<item>
			<title>Obaveštenje-COVID 19</title>
			<link>file:///C:/Users/User/Desktop/sajt%20za%20ocenu/pages/kontakt.html</link>
			<description>Zbog celokupne situacije rezervisanje Vasih zelja ce se vrsiti online preko emaila</description>
		</item>
	</channel>
</rss>		